quote_date,0-35 days,36-50 days,50days-6months,6mons-1year,1YR-3yr,3YR-5YR,5YR-7YR,7YR-10YR,10YR-15YR,15YR-20YR,20YR and beyond,Row_Total
1941-03-31,0,0,0,0,0,0,0,1,0,0,0,1
1941-04-30,0,0,0,0,0,0,0,1,1,0,0,2
1941-05-31,0,0,0,0,0,0,0,1,1,0,0,2
1941-06-30,0,0,0,0,0,0,0,1,1,1,0,3
1941-07-31,0,0,0,0,0,0,0,1,1,1,0,3
1941-08-30,0,0,0,0,0,0,0,1,1,1,0,3
1941-09-30,0,0,0,0,0,0,0,1,1,1,0,3
1941-10-31,0,0,0,0,0,0,0,1,1,1,1,4
1941-11-29,0,0,0,0,0,0,0,1,1,1,1,4
1941-12-31,0,0,0,0,0,0,0,1,2,1,1,5
1942-01-31,0,0,0,0,0,0,0,2,2,1,1,6
1942-02-28,0,0,0,0,0,0,0,2,3,1,1,7
1942-03-31,0,0,0,0,0,0,0,2,3,1,1,7
1942-04-30,0,0,0,0,0,0,0,2,3,1,1,7
1942-05-29,0,0,0,0,0,0,0,3,3,1,1,8
1942-06-30,0,0,0,0,0,0,0,3,3,1,1,8
1942-07-31,0,0,0,0,0,0,0,4,3,1,1,9
1942-08-31,0,0,0,0,0,0,0,4,3,1,1,9
1942-09-30,0,0,0,0,0,0,0,4,3,1,1,9
1942-10-31,0,0,0,0,0,0,0,5,3,1,1,10
1942-11-30,0,0,0,0,0,0,0,5,3,1,1,10
1942-12-31,0,0,0,0,0,0,0,5,3,1,1,10
1943-01-30,0,0,0,0,0,0,0,5,3,1,1,10
1943-02-27,0,0,0,0,0,0,0,5,3,1,1,10
1943-03-31,0,0,0,0,0,0,1,4,4,0,1,10
1943-04-30,0,0,0,0,0,0,1,4,4,0,1,10
1943-05-29,0,0,0,0,0,0,1,5,4,0,1,11
1943-06-30,0,0,0,0,0,0,1,5,4,0,1,11
1943-07-31,0,0,0,0,0,0,1,5,4,0,1,11
1943-08-31,0,0,0,0,0,0,1,5,4,0,1,11
1943-09-30,0,0,0,0,0,0,1,5,4,0,1,11
1943-10-30,0,0,0,0,0,0,1,6,4,0,1,12
1943-11-30,0,0,0,0,0,0,1,6,4,0,1,12
1943-12-31,0,0,0,0,0,0,1,6,4,0,1,12
1944-01-31,0,0,0,0,0,0,1,6,4,0,1,12
1944-02-29,0,0,0,0,0,0,1,6,4,0,1,12
1944-03-31,0,0,0,0,0,0,1,7,3,0,1,12
1944-04-29,0,0,0,0,0,0,1,7,3,0,1,12
1944-05-31,0,0,0,0,0,0,1,7,3,0,1,12
1944-06-30,0,0,0,0,0,0,2,6,3,0,1,12
1944-07-31,0,0,0,0,0,0,2,7,3,0,1,13
1944-08-31,0,0,0,0,0,0,2,7,3,0,1,13
1944-09-30,0,0,0,0,0,0,3,6,3,0,1,13
1944-10-31,0,0,0,0,0,0,3,6,3,0,1,13
1944-11-30,0,0,0,0,0,0,3,6,3,0,1,13
1944-12-30,0,0,0,0,0,0,4,5,3,0,1,13
1945-01-31,0,0,0,0,0,0,4,6,3,0,1,14
1945-02-28,0,0,0,0,0,0,4,6,3,0,1,14
1945-03-31,0,0,0,0,0,1,4,5,3,0,1,14
1945-04-30,0,0,0,0,0,1,4,5,3,0,1,14
1945-05-31,0,0,0,0,0,1,4,5,3,0,1,14
1945-06-30,0,0,0,0,0,1,4,6,2,0,1,14
1945-07-31,0,0,0,0,0,1,4,6,2,0,1,14
1945-08-31,0,0,0,0,0,1,4,6,2,0,1,14
1945-09-29,0,0,0,0,0,1,5,5,2,0,1,14
1945-10-31,0,0,0,0,0,1,5,5,2,0,1,14
1945-11-30,0,0,0,0,0,1,5,5,2,0,1,14
1945-12-31,0,0,0,0,0,1,5,6,1,0,1,14
1946-01-31,0,0,0,0,0,1,5,6,1,0,1,14
1946-02-28,0,0,0,0,0,1,5,6,1,0,1,14
1946-03-30,0,0,0,0,0,1,5,6,1,0,1,14
1946-04-30,0,0,0,0,0,1,5,6,1,0,1,14
1946-05-31,0,0,0,0,0,1,5,6,1,0,1,14
1946-06-28,0,0,0,0,0,2,4,6,1,0,1,14
1946-07-31,0,0,0,0,0,2,4,6,1,0,1,14
1946-08-30,0,0,0,0,0,2,4,6,1,0,1,14
1946-09-30,0,0,0,0,0,3,4,5,1,0,1,14
1946-10-31,0,0,0,0,0,3,4,5,1,0,1,14
1946-11-30,0,0,0,0,0,3,4,5,1,0,1,14
1946-12-31,0,0,0,0,0,4,3,5,1,0,1,14
1947-01-31,0,0,0,0,0,4,3,5,1,0,1,14
1947-02-28,0,0,0,0,0,4,3,5,1,0,1,14
1947-03-31,0,0,0,0,1,4,3,4,1,0,1,14
1947-04-30,0,0,0,0,1,4,3,4,1,0,1,14
1947-05-29,0,0,0,0,1,4,3,4,1,0,1,14
1947-06-30,0,0,0,0,1,4,4,3,1,0,1,14
1947-07-31,0,0,0,0,1,4,4,3,1,0,1,14
1947-08-29,0,0,0,0,1,4,4,3,1,0,1,14
1947-09-30,0,0,0,0,1,5,3,3,1,0,1,14
1947-10-31,0,0,0,0,1,5,3,3,1,0,1,14
1947-11-28,0,0,0,0,1,5,3,3,1,0,1,14
1947-12-31,0,0,0,0,1,5,4,2,1,0,1,14
1948-01-30,0,0,0,0,1,5,4,2,1,0,1,14
1948-02-27,0,0,0,0,0,5,4,2,1,0,1,13
1948-03-31,0,0,0,0,1,5,4,3,0,0,1,14
1948-04-30,0,0,0,0,1,5,4,3,0,0,1,14
1948-05-28,0,0,0,0,1,5,4,3,0,0,1,14
1948-06-30,0,0,0,0,2,4,5,2,0,0,1,14
1948-07-30,0,0,0,0,2,4,5,2,0,0,1,14
1948-08-31,0,0,0,0,2,4,5,2,0,0,1,14
1948-09-30,0,0,0,0,3,4,4,2,0,0,1,14
1948-10-29,0,0,0,0,3,4,4,2,0,0,1,14
1948-11-30,0,0,0,0,3,4,4,2,0,0,1,14
1948-12-31,0,0,0,0,4,3,5,1,0,0,1,14
1949-01-31,0,0,0,0,4,3,5,1,0,0,1,14
1949-02-28,0,0,0,0,4,3,5,1,0,0,1,14
1949-03-31,0,0,0,1,4,3,4,1,0,0,1,14
1949-04-29,0,0,0,1,4,3,4,1,0,0,1,14
1949-05-31,0,0,0,1,3,3,4,1,0,0,1,13
1949-06-30,0,0,0,1,3,4,3,1,0,0,1,13
1949-07-29,0,0,0,1,3,4,3,1,0,0,1,13
1949-08-31,0,0,0,1,3,4,3,1,0,0,1,13
1949-09-30,0,0,1,0,3,3,3,1,0,0,1,12
1949-10-31,0,0,1,0,3,3,3,1,0,0,1,12
1949-11-30,0,0,1,0,3,3,3,1,0,0,1,12
1949-12-30,0,0,1,0,2,4,2,1,0,0,1,11
1950-01-31,0,1,0,0,2,4,2,1,0,0,1,11
1950-02-28,0,0,0,0,1,4,2,1,0,0,1,9
1950-03-31,0,0,0,0,1,4,2,1,0,0,1,9
1950-04-28,0,0,0,0,1,4,2,1,0,0,1,9
1950-05-31,0,0,0,0,1,4,2,1,0,0,1,9
1950-06-30,0,0,0,0,1,5,1,1,0,0,1,9
1950-07-31,0,0,0,0,1,5,1,1,0,0,1,9
1950-08-31,0,0,0,0,1,5,1,1,0,0,1,9
1950-09-29,0,0,0,0,1,4,1,1,0,0,1,8
1950-10-31,0,0,0,0,1,4,1,1,0,0,1,8
1950-11-30,0,0,0,0,1,4,1,1,0,0,1,8
1950-12-29,0,0,0,0,1,5,0,1,0,0,1,8
1951-01-31,0,0,0,0,1,5,0,1,0,0,1,8
1951-02-28,0,0,0,0,1,5,0,1,0,0,1,8
1951-03-30,0,0,0,0,2,4,1,0,0,0,1,8
1951-04-30,0,0,0,0,2,4,1,0,0,0,1,8
1951-05-31,0,0,0,0,2,4,1,0,0,0,1,8
1951-06-29,0,0,0,0,3,3,1,0,0,0,1,8
1951-07-31,0,0,0,0,3,3,1,0,0,0,1,8
1951-08-31,0,0,0,0,3,3,1,0,0,0,1,8
1951-09-28,0,0,0,0,3,3,1,0,0,0,1,8
1951-10-31,0,0,0,0,3,3,1,0,0,0,1,8
1951-11-30,0,0,0,0,3,3,1,0,0,0,1,8
1951-12-31,0,0,0,0,4,2,1,0,0,0,1,8
1952-01-31,0,0,0,0,4,2,1,0,0,0,1,8
1952-02-29,0,0,0,0,3,2,1,1,0,0,1,8
1952-03-31,0,0,0,0,3,2,2,0,0,0,1,8
1952-04-30,0,0,0,0,3,2,2,0,0,0,1,8
1952-05-29,0,0,0,0,3,2,2,0,0,0,1,8
1952-06-30,0,0,0,0,4,1,2,0,0,0,1,8
1952-07-31,0,0,0,0,4,1,2,0,0,0,1,8
1952-08-29,0,0,0,0,4,1,2,0,0,0,1,8
1952-09-30,0,0,0,1,3,1,2,0,0,1,0,8
1952-10-31,0,0,0,1,3,1,2,0,0,1,0,8
1952-11-28,0,0,0,1,3,1,2,0,0,1,0,8
1952-12-31,0,0,0,1,4,0,2,0,0,1,0,8
1953-01-30,0,0,0,1,4,0,2,0,0,1,0,8
1953-02-27,0,0,0,1,4,0,2,0,0,1,0,8
1953-03-31,0,0,1,0,4,1,1,0,0,1,0,8
1953-04-30,0,0,1,0,4,1,1,0,0,1,1,9
1953-05-29,0,0,1,0,4,1,1,0,0,1,1,9
1953-06-30,0,0,1,1,3,1,1,0,0,1,1,9
1953-07-31,0,1,0,1,3,1,1,0,0,1,1,9
1953-08-31,1,0,0,1,3,1,1,0,0,1,1,9
1953-09-30,0,0,0,1,3,1,1,0,0,1,1,8
1953-10-30,0,0,0,1,3,1,1,0,0,1,1,8
1953-11-30,0,0,0,1,3,1,1,0,0,1,1,8
1953-12-31,0,0,1,1,2,1,1,0,0,1,1,8
1954-01-29,0,0,1,1,2,1,1,0,0,1,1,8
1954-02-26,0,0,1,1,2,1,1,0,0,1,1,8
1954-03-31,0,0,1,1,2,2,0,0,0,1,1,8
1954-04-30,0,1,0,1,2,2,0,0,0,1,1,8
1954-05-28,0,0,0,1,1,2,0,0,0,1,1,6
1954-06-30,0,0,1,0,1,2,0,0,0,1,1,6
1954-07-30,0,0,1,0,1,2,0,0,0,1,1,6
1954-08-31,0,0,1,0,1,2,0,0,0,1,1,6
1954-09-30,0,0,1,0,1,2,0,0,0,1,1,6
1954-10-29,0,1,0,0,1,2,0,0,0,1,1,6
1954-11-30,0,0,0,0,0,2,0,0,0,1,1,4
1954-12-31,0,0,0,0,0,2,0,0,0,1,1,4
1955-01-31,0,0,0,0,0,3,0,2,4,5,1,15
1955-02-28,0,0,0,0,0,3,0,2,4,5,1,15
1955-03-31,0,0,0,0,1,2,0,2,5,4,1,15
1955-04-29,0,0,0,0,1,2,0,2,5,4,1,15
1955-05-31,0,0,0,0,1,2,0,2,5,4,1,15
1955-06-30,0,0,0,0,1,2,1,1,5,4,1,15
1955-07-29,0,0,0,0,1,2,1,1,5,1,1,12
1955-08-31,0,0,0,0,1,2,1,1,4,1,1,11
1955-09-30,0,0,0,0,1,2,1,1,5,1,1,12
1955-10-31,0,0,0,0,1,2,1,1,5,2,1,13
1955-11-30,0,0,0,0,1,2,1,1,5,2,1,13
1955-12-30,0,0,0,0,1,2,2,0,5,2,1,13
1956-01-31,0,0,0,0,1,2,2,0,5,1,1,12
1956-02-29,0,0,0,0,1,2,2,0,5,2,1,13
1956-03-29,0,0,0,0,2,1,2,0,6,1,1,13
1956-04-30,0,0,0,0,2,1,2,0,6,1,1,13
1956-05-31,0,0,0,0,2,1,2,0,5,1,1,12
1956-06-29,0,0,0,0,2,1,2,0,4,1,1,11
1956-07-31,0,0,0,0,2,1,2,0,4,1,1,11
1956-08-31,0,0,0,0,2,1,2,0,4,1,1,11
1956-09-28,0,0,0,0,3,0,2,0,2,1,1,9
1956-10-31,0,0,0,0,3,0,2,0,3,1,1,10
1956-11-30,0,0,0,0,3,0,2,0,5,1,1,12
1956-12-31,0,0,0,0,3,0,2,0,5,1,1,12
1957-01-31,0,0,0,0,3,0,2,0,5,1,1,12
1957-02-28,0,0,0,0,3,0,2,0,5,1,1,12
1957-03-29,0,0,0,1,2,0,2,0,4,1,1,11
1957-04-30,0,0,0,1,2,0,2,0,4,1,1,11
1957-05-31,0,0,0,1,2,0,2,0,4,1,1,11
1957-06-27,0,0,0,1,2,1,1,1,3,1,1,11
1957-07-31,0,0,0,1,2,1,1,1,1,1,1,9
1957-08-30,0,0,0,1,2,1,1,1,2,1,1,10
1957-09-30,0,0,1,0,2,1,1,1,5,0,1,12
1957-10-31,0,0,1,0,2,1,1,1,5,0,1,12
1957-11-29,0,0,1,0,2,1,1,1,6,0,1,13
1957-12-31,0,0,1,0,2,2,0,1,6,0,1,13
1958-01-31,0,1,0,0,2,2,0,1,6,0,1,13
1958-02-28,0,0,0,0,2,2,0,1,6,0,1,12
1958-03-31,0,0,0,1,1,2,0,1,6,0,1,12
1958-04-30,0,0,0,1,1,2,0,1,5,0,1,11
1958-05-29,0,0,0,1,1,2,0,1,5,0,1,11
1958-06-30,0,0,0,1,1,2,0,1,5,0,1,11
1958-07-31,0,0,0,1,1,2,0,1,5,0,1,11
1958-08-29,0,0,0,0,0,2,0,1,5,0,1,9
1958-09-30,0,0,0,0,0,2,0,1,4,0,1,8
1958-10-31,0,0,0,0,0,2,0,1,5,0,1,9
1958-11-28,0,0,0,0,0,2,0,1,5,0,1,9
1958-12-31,0,0,0,0,0,2,0,2,4,0,1,9
1959-01-30,0,0,0,0,0,2,0,2,4,0,1,9
1959-02-27,0,0,0,0,0,2,0,2,3,0,1,8
1959-03-31,0,0,0,0,0,2,0,2,4,0,1,9
1959-04-30,0,0,0,0,0,2,0,2,4,0,1,9
1959-05-29,0,0,0,0,0,2,0,2,4,0,1,9
1959-06-30,0,0,0,0,1,1,0,3,3,0,1,9
1959-07-31,0,0,0,0,1,1,0,3,2,0,1,8
1959-08-31,0,0,0,0,1,1,0,3,2,0,1,8
1959-09-30,0,0,0,0,1,1,0,3,3,0,1,9
1959-10-30,0,0,0,0,1,1,0,3,3,0,1,9
1959-11-30,0,0,0,0,1,1,0,3,3,0,1,9
1959-12-31,0,0,0,0,2,0,0,4,2,0,1,9
1960-01-29,0,0,0,0,2,0,0,4,2,0,1,9
1960-02-29,0,0,0,0,2,0,0,4,2,0,1,9
1960-03-31,0,0,0,0,2,0,0,5,1,0,1,9
1960-04-29,0,0,0,0,2,0,0,5,1,0,2,10
1960-05-31,0,0,0,0,2,0,0,5,1,0,2,10
1960-06-30,0,0,0,0,2,0,1,4,1,0,2,10
1960-07-29,0,0,0,0,2,0,1,4,2,0,2,11
1960-08-31,0,0,0,0,2,0,1,4,2,0,2,11
1960-09-30,0,0,0,0,2,0,1,4,4,0,2,13
1960-10-31,0,0,0,0,2,0,1,4,4,0,2,13
1960-11-30,0,0,0,0,2,0,1,4,4,0,2,13
1960-12-30,0,0,0,0,2,0,1,4,2,0,2,11
1961-01-31,0,0,0,0,2,0,1,4,2,0,2,11
1961-02-28,0,0,0,0,2,0,1,4,2,0,2,11
1961-03-30,0,0,0,0,2,0,1,5,3,0,2,13
1961-04-28,0,0,0,0,2,0,1,5,3,0,2,13
1961-05-31,0,0,0,0,2,0,1,5,3,0,2,13
1961-06-30,0,0,0,1,1,0,1,5,3,0,2,13
1961-07-31,0,0,0,1,1,0,1,5,3,0,2,13
1961-08-31,0,0,0,1,1,0,1,5,3,0,2,13
1961-09-29,0,0,0,1,1,0,1,5,3,0,2,13
1961-10-31,0,0,0,1,1,0,1,5,3,0,2,13
1961-11-30,0,0,0,1,1,0,1,5,3,0,2,13
1961-12-29,0,0,1,1,0,0,2,4,3,0,2,13
1962-01-31,0,0,1,1,0,0,2,4,3,0,2,13
1962-02-28,0,0,1,1,0,0,2,4,3,0,2,13
1962-03-30,0,0,1,1,0,0,2,4,3,0,2,13
1962-04-30,0,1,0,1,0,0,2,4,3,0,2,13
1962-05-31,1,0,0,1,0,0,2,4,3,0,2,13
1962-06-29,0,0,1,0,0,1,2,4,2,0,2,12
1962-07-31,0,0,1,0,0,1,2,4,2,0,2,12
1962-08-31,0,0,1,0,0,1,2,4,2,0,3,13
1962-09-28,0,0,1,0,0,1,2,5,1,0,3,13
1962-10-31,0,1,0,0,0,1,2,5,1,0,3,13
1962-11-30,0,0,0,0,0,1,2,5,1,0,3,12
1962-12-31,0,0,0,0,0,1,3,5,0,0,3,12
1963-01-31,0,0,0,0,0,1,3,5,0,0,4,13
1963-02-28,0,0,0,0,0,1,3,5,0,0,4,13
1963-03-29,0,0,0,0,0,1,4,4,0,0,4,13
1963-04-30,0,0,0,0,0,1,4,4,0,0,5,14
1963-05-31,0,0,0,0,0,1,4,4,0,0,5,14
1963-06-28,0,0,0,0,0,1,4,4,0,1,4,14
1963-07-31,0,0,0,0,0,1,4,4,0,1,4,14
1963-08-30,0,0,0,0,0,1,4,4,0,1,4,14
1963-09-30,0,0,0,0,0,1,4,4,0,1,4,14
1963-10-31,0,0,0,0,0,1,4,4,0,1,4,14
1963-11-29,0,0,0,0,0,1,4,4,0,1,4,14
1963-12-31,0,0,0,0,0,2,3,4,0,1,4,14
1964-01-31,0,0,0,0,0,2,3,4,0,1,4,14
1964-02-28,0,0,0,0,0,2,3,4,0,1,4,14
1964-03-31,0,0,0,0,0,2,4,3,0,1,4,14
1964-04-30,0,0,0,0,0,2,4,3,0,1,4,14
1964-05-28,0,0,0,0,0,2,4,3,0,1,4,14
1964-06-30,0,0,0,0,1,2,3,3,0,1,4,14
1964-07-31,0,0,0,0,1,2,3,3,0,1,4,14
1964-08-31,0,0,0,0,1,2,3,3,0,1,4,14
1964-09-30,0,0,0,0,1,2,3,3,0,1,4,14
1964-10-30,0,0,0,0,1,2,3,3,0,1,4,14
1964-11-30,0,0,0,0,1,2,3,3,0,1,4,14
1964-12-31,0,0,0,0,1,3,2,3,0,1,4,14
1965-01-29,0,0,0,0,1,3,2,3,0,1,4,14
1965-02-26,0,0,0,0,1,3,2,3,0,1,4,14
1965-03-31,0,0,0,0,1,4,1,3,0,1,4,14
1965-04-30,0,0,0,0,1,4,1,3,0,1,4,14
1965-05-28,0,0,0,0,1,4,1,3,0,2,3,14
1965-06-30,0,0,0,0,1,4,2,2,0,2,3,14
1965-07-30,0,0,0,0,1,4,2,2,0,2,3,14
1965-08-31,0,0,0,0,1,4,2,2,0,2,3,14
1965-09-30,0,0,0,0,1,4,3,1,0,2,3,14
1965-10-29,0,0,0,0,1,4,3,1,0,2,3,14
1965-11-30,0,0,0,0,1,4,3,1,0,2,3,14
1965-12-31,0,0,0,0,2,3,4,0,0,2,3,14
1966-01-31,0,0,0,0,2,3,4,0,0,2,3,14
1966-02-28,0,0,0,0,2,3,4,0,0,2,3,14
1966-03-31,0,0,0,0,2,4,3,0,0,2,3,14
1966-04-29,0,0,0,0,2,4,3,0,0,2,3,14
1966-05-31,0,0,0,0,2,4,3,0,0,2,3,14
1966-06-30,0,0,0,1,2,3,3,0,0,2,3,14
1966-07-29,0,0,0,1,2,3,3,0,0,2,3,14
1966-08-31,0,0,0,1,2,3,3,0,0,2,3,14
1966-09-30,0,0,0,1,2,3,3,0,0,2,3,14
1966-10-31,0,0,0,1,2,3,3,0,0,2,3,14
1966-11-30,0,0,0,1,2,3,3,0,0,2,3,14
1966-12-30,0,0,1,0,3,2,3,0,0,2,3,14
1967-01-31,0,0,1,0,3,2,3,0,0,2,3,14
1967-02-28,0,0,1,0,3,2,3,0,0,2,3,14
1967-03-31,0,0,1,0,4,1,3,0,0,1,3,13
1967-04-28,0,1,0,0,4,1,3,0,0,2,3,14
1967-05-31,1,0,0,0,4,1,3,0,0,2,3,14
1967-06-30,0,0,0,0,4,2,2,0,0,2,3,13
1967-07-31,0,0,0,0,4,2,2,0,0,2,3,13
1967-08-31,0,0,0,0,4,2,2,0,0,2,3,13
1967-09-29,0,0,0,0,4,3,1,0,0,2,3,13
1967-10-31,0,0,0,0,4,3,1,0,0,2,3,13
1967-11-30,0,0,0,0,4,3,1,0,0,2,3,13
1967-12-29,0,0,0,1,3,4,0,0,0,2,3,13
1968-01-31,0,0,0,1,3,4,0,0,0,1,3,12
1968-02-29,0,0,0,1,3,4,0,0,0,2,3,13
1968-03-29,0,0,0,1,4,3,0,0,0,2,3,13
1968-04-30,0,0,0,1,4,3,0,0,0,1,3,12
1968-05-31,0,0,0,1,4,3,0,0,0,1,3,12
1968-06-28,0,0,1,1,3,3,0,0,1,1,3,13
1968-07-31,0,0,1,1,3,3,0,0,1,1,3,13
1968-08-30,0,0,1,1,3,3,0,0,1,1,3,13
1968-09-30,0,0,1,1,3,3,0,0,1,1,3,13
1968-10-31,0,1,0,1,3,3,0,0,1,1,3,13
1968-11-29,1,0,0,1,3,3,0,0,1,1,3,13
1968-12-31,0,0,1,1,2,3,0,0,1,1,3,12
1969-01-31,0,0,1,1,2,3,0,0,1,1,3,12
1969-02-28,0,0,1,1,2,3,0,0,1,1,3,12
1969-03-28,0,0,1,2,1,3,0,0,1,1,3,12
1969-04-30,0,1,0,2,1,3,0,0,1,1,3,12
1969-05-29,1,0,0,2,1,3,0,0,1,1,3,12
1969-06-30,0,0,1,1,2,2,0,0,1,1,3,11
1969-07-31,0,0,1,1,2,2,0,0,1,1,3,11
1969-08-29,0,0,1,1,2,2,0,0,1,1,3,11
1969-09-30,0,0,2,0,3,1,0,0,1,1,3,11
1969-10-31,0,1,1,0,3,1,0,0,1,1,3,11
1969-11-28,1,0,1,0,3,1,0,0,1,1,3,11
1969-12-31,0,0,1,0,4,0,0,0,1,1,3,10
1970-01-30,0,1,0,0,4,0,0,0,1,1,3,10
1970-02-27,1,0,0,0,4,0,0,0,1,1,3,10
1970-03-31,0,0,0,1,3,0,0,0,1,1,3,9
1970-04-30,0,0,0,1,3,0,0,0,1,1,3,9
1970-05-29,0,0,0,1,3,0,0,0,2,0,3,9
1970-06-30,0,0,0,1,3,0,0,0,2,0,3,9
1970-07-31,0,0,0,1,3,0,0,0,2,0,3,9
1970-08-31,0,0,0,1,3,0,0,0,2,0,3,9
1970-09-30,0,0,1,0,3,0,0,0,2,0,3,9
1970-10-30,0,0,1,0,3,0,0,0,2,0,3,9
1970-11-30,0,0,1,0,3,0,0,0,2,0,2,8
1970-12-31,0,0,1,0,3,0,0,0,2,0,2,8
1971-01-29,0,1,0,0,3,0,0,0,2,0,2,8
1971-02-26,1,0,0,0,3,0,0,0,2,0,2,8
1971-03-31,0,0,0,0,3,0,0,0,2,0,2,7
1971-04-30,0,0,0,0,3,0,0,0,2,0,2,7
1971-05-28,0,0,0,0,3,0,0,0,2,0,2,7
1971-06-30,0,0,0,1,2,0,0,0,2,0,2,7
1971-07-30,0,0,0,1,2,0,0,0,1,0,2,6
1971-08-31,0,0,0,1,2,0,0,0,1,0,2,6
1971-09-30,0,0,0,2,1,0,0,0,1,0,2,6
1971-10-29,0,0,0,2,1,0,0,0,1,0,2,6
1971-11-30,0,0,0,2,1,0,0,0,1,0,2,6
1971-12-31,0,0,1,2,0,0,0,0,1,0,2,6
1972-01-31,0,0,1,2,0,0,0,0,1,0,2,6
1972-02-29,0,0,1,2,0,0,0,0,1,0,2,6
1972-03-30,0,0,2,1,0,0,0,0,2,0,2,7
1972-04-28,0,1,1,1,0,0,0,0,2,0,2,7
1972-05-31,1,0,1,1,0,0,0,0,1,0,2,6
1972-06-30,0,0,2,0,0,0,0,0,1,0,2,5
1972-07-31,0,1,1,0,0,0,0,0,1,0,1,4
1972-08-31,1,0,1,0,0,0,0,0,1,1,0,4
1972-09-29,0,0,1,0,0,0,0,0,1,1,0,3
1972-10-31,0,1,0,0,0,0,0,0,1,1,1,4
1972-11-30,1,0,0,0,0,0,0,0,1,1,1,4
1972-12-29,0,0,0,0,0,0,0,0,1,1,1,3
1973-05-31,0,0,0,0,0,0,0,0,0,0,1,1
1973-06-29,0,0,0,0,0,0,0,0,0,0,1,1
1973-07-31,0,0,0,0,0,0,0,0,0,0,1,1
1973-08-31,0,0,0,0,0,0,0,0,0,1,1,2
1973-09-28,0,0,0,0,0,0,0,0,0,1,1,2
1973-10-31,0,0,0,0,0,0,0,0,0,1,1,2
1973-11-30,0,0,0,0,0,0,0,0,0,1,1,2
1973-12-31,0,0,0,0,0,0,0,0,0,1,1,2
1974-01-31,0,0,0,0,0,0,0,0,0,1,1,2
1974-02-28,0,0,0,0,0,0,0,0,0,1,1,2
1974-03-29,0,0,0,0,0,0,0,0,0,1,1,2
1974-04-30,0,0,0,0,0,0,0,0,0,1,1,2
1974-05-31,0,0,0,0,0,0,0,0,0,1,2,3
1974-06-28,0,0,0,0,0,0,0,0,0,1,2,3
1974-07-31,0,0,0,0,0,0,0,0,0,1,2,3
1974-08-30,0,0,0,0,0,0,0,0,0,1,2,3
1974-09-30,0,0,0,0,0,0,0,0,0,1,2,3
1974-10-31,0,0,0,0,0,0,0,0,0,1,2,3
1974-11-29,0,0,0,0,0,0,0,0,0,1,2,3
1974-12-31,0,0,0,0,0,0,0,0,0,1,2,3
1975-01-31,0,0,0,0,0,0,0,0,0,1,2,3
1975-02-28,0,0,0,0,0,0,0,0,0,1,3,4
1975-03-31,0,0,0,0,0,0,0,0,0,1,3,4
1975-04-30,0,0,0,0,0,0,0,0,0,1,3,4
1975-05-30,0,0,0,0,0,0,0,0,0,1,4,5
1975-06-30,0,0,0,0,0,0,0,0,0,1,4,5
1975-07-31,0,0,0,0,0,0,0,0,0,1,4,5
1975-08-29,0,0,0,0,0,0,0,0,0,1,5,6
1975-09-30,0,0,0,0,0,0,0,0,0,1,5,6
1975-10-31,0,0,0,0,0,0,0,0,0,1,5,6
1975-11-28,0,0,0,0,0,0,0,0,0,1,5,6
1975-12-31,0,0,0,0,0,0,0,0,0,1,5,6
1976-01-30,0,0,0,0,0,0,0,0,0,1,5,6
1976-02-27,0,0,0,0,0,0,0,0,0,1,5,6
1976-03-31,0,0,0,0,0,0,0,0,0,1,5,6
1976-04-30,0,0,0,0,0,0,0,0,0,1,5,6
1976-05-28,0,0,0,0,0,0,0,0,0,1,5,6
1976-06-30,0,0,0,0,0,0,0,0,0,1,5,6
1976-07-30,0,0,0,0,0,0,0,0,0,1,5,6
1976-08-31,0,0,0,0,0,0,0,0,0,1,6,7
1976-09-30,0,0,0,0,0,0,0,0,0,1,6,7
1976-10-29,0,0,0,0,0,0,0,0,0,1,6,7
1976-11-30,0,0,0,0,0,0,0,0,0,1,6,7
1976-12-31,0,0,0,0,0,0,0,0,0,1,6,7
1977-01-31,0,0,0,0,0,0,0,0,0,1,6,7
1977-02-28,0,0,0,0,0,0,0,0,0,1,7,8
1977-03-31,0,0,0,0,0,0,0,0,0,1,7,8
1977-04-29,0,0,0,0,0,0,0,0,0,1,7,8
1977-05-31,0,0,0,0,0,0,0,0,0,1,7,8
1977-06-30,0,0,0,0,0,0,0,0,0,1,7,8
1977-07-29,0,0,0,0,0,0,0,0,0,1,7,8
1977-08-31,0,0,0,0,0,0,0,0,0,1,7,8
1977-09-30,0,0,0,0,0,0,0,0,0,1,7,8
1977-10-31,0,0,0,0,0,0,0,0,0,1,7,8
1977-11-30,0,0,0,0,0,0,0,0,0,1,8,9
1977-12-30,0,0,0,0,0,0,0,0,0,1,8,9
1978-01-31,0,0,0,0,0,0,0,0,0,1,8,9
1978-02-28,0,0,0,0,0,0,0,0,0,1,8,9
1978-03-31,0,0,0,0,0,0,0,0,0,1,8,9
1978-04-28,0,0,0,0,0,0,0,0,0,1,8,9
1978-05-31,0,0,0,0,0,0,0,0,0,2,7,9
1978-06-30,0,0,0,0,0,0,0,0,0,2,7,9
1978-07-31,0,0,0,0,0,0,0,0,0,2,7,9
1978-08-31,0,0,0,0,0,0,0,0,1,1,8,10
1978-09-29,0,0,0,0,0,0,0,0,1,1,8,10
1978-10-31,0,0,0,0,0,0,0,0,1,1,8,10
1978-11-30,0,0,0,0,0,0,0,0,1,1,9,11
1978-12-29,0,0,0,0,0,0,0,0,1,1,9,11
1979-01-31,0,0,0,0,0,0,0,0,1,1,9,11
1979-02-28,0,0,0,0,0,0,0,0,1,1,9,11
1979-03-30,0,0,0,0,0,0,0,0,1,1,9,11
1979-04-30,0,0,0,0,0,0,0,0,1,1,9,11
1979-05-31,0,0,0,0,0,0,0,0,1,2,9,12
1979-06-29,0,0,0,0,0,0,0,0,1,2,9,12
1979-07-31,0,0,0,0,0,0,0,0,1,2,9,12
1979-08-31,0,0,0,0,0,0,0,0,1,2,9,12
1979-09-28,0,0,0,0,0,0,0,0,1,2,9,12
1979-10-31,0,0,0,0,0,0,0,0,1,2,9,12
1979-11-30,0,0,0,0,0,0,0,0,1,2,10,13
1979-12-31,0,0,0,0,0,0,0,0,1,2,10,13
1980-01-31,0,0,0,0,0,0,0,0,1,2,10,13
1980-02-29,0,0,0,0,0,0,0,0,1,3,10,14
1980-03-31,0,0,0,0,0,0,0,0,1,3,10,14
1980-04-30,0,0,0,0,0,0,0,0,1,3,10,14
1980-05-30,0,0,0,0,0,0,0,0,1,3,11,15
1980-06-30,0,0,0,0,0,0,0,0,1,3,11,15
1980-07-31,0,0,0,0,0,0,0,0,1,3,11,15
1980-08-29,0,0,0,0,0,0,0,0,1,4,10,15
1980-09-30,0,0,0,0,0,0,0,0,1,4,10,15
1980-10-31,0,0,0,0,0,0,0,0,1,4,10,15
1980-11-28,0,0,0,0,0,0,0,0,1,4,11,16
1980-12-31,0,0,0,0,0,0,0,0,1,4,11,16
1981-01-30,0,0,0,0,0,0,0,0,1,4,11,16
1981-02-27,0,0,0,0,0,0,0,0,1,4,11,16
1981-03-31,0,0,0,0,0,0,0,0,1,4,11,16
1981-04-30,0,0,0,0,0,0,0,0,1,4,11,16
1981-05-29,0,0,0,0,0,0,0,0,1,4,12,17
1981-06-30,0,0,0,0,0,0,0,0,1,4,12,17
1981-07-31,0,0,0,0,0,0,0,0,1,4,12,17
1981-08-31,0,0,0,0,0,0,0,0,1,5,11,17
1981-09-30,0,0,0,0,0,0,0,0,1,5,11,17
1981-10-30,0,0,0,0,0,0,0,0,1,5,11,17
1981-11-30,0,0,0,0,0,0,0,0,1,5,12,18
1981-12-31,0,0,0,0,0,0,0,0,1,5,12,18
1982-01-29,0,0,0,0,0,0,0,0,1,5,12,18
1982-02-26,0,0,0,0,0,0,0,0,1,5,12,18
1982-03-31,0,0,0,0,0,0,0,0,1,5,12,18
1982-04-30,0,0,0,0,0,0,0,0,1,5,12,18
1982-05-28,0,0,0,0,0,0,0,0,1,5,12,18
1982-06-30,0,0,0,0,0,0,0,0,1,5,12,18
1982-07-30,0,0,0,0,0,0,0,0,1,5,12,18
1982-08-31,0,0,0,0,0,0,0,0,1,5,12,18
1982-09-30,0,0,0,0,0,0,0,0,1,5,12,18
1982-10-29,0,0,0,0,0,0,0,0,1,5,12,18
1982-11-30,0,0,0,0,0,0,0,0,1,5,13,19
1982-12-31,0,0,0,0,0,0,0,0,1,5,13,19
1983-01-31,0,0,0,0,0,0,0,0,1,5,13,19
1983-02-28,0,0,0,0,0,0,0,0,1,5,13,19
1983-03-31,0,0,0,0,0,0,0,0,1,5,13,19
1983-04-29,0,0,0,0,0,0,0,0,1,5,13,19
1983-05-31,0,0,0,0,0,0,0,0,2,4,13,19
1983-06-30,0,0,0,0,0,0,0,0,2,4,13,19
1983-07-29,0,0,0,0,0,0,0,0,2,4,13,19
1983-08-31,0,0,0,0,0,0,0,1,1,4,14,20
1983-09-30,0,0,0,0,0,0,0,1,1,4,14,20
1983-10-31,0,0,0,0,0,0,0,1,1,4,14,20
1983-11-30,0,0,0,0,0,0,0,1,1,4,14,20
1983-12-30,0,0,0,0,0,0,0,1,1,4,14,20
1984-01-31,0,0,0,0,0,0,0,1,1,4,14,20
1984-02-29,0,0,0,0,0,0,0,1,1,4,14,20
1984-03-30,0,0,0,0,0,0,0,1,1,4,14,20
1984-04-30,0,0,0,0,0,0,0,1,1,4,14,20
1984-05-31,0,0,0,0,0,0,0,1,2,3,15,21
1984-06-29,0,0,0,0,0,0,0,1,2,3,15,21
1984-07-31,0,0,0,0,0,0,0,1,2,3,15,21
1984-08-31,0,0,0,0,0,0,0,1,2,3,16,22
1984-09-28,0,0,0,0,0,0,0,1,2,3,16,22
1984-10-31,0,0,0,0,0,0,0,1,2,3,16,22
1984-11-30,0,0,0,0,0,0,0,1,2,3,17,23
1984-12-31,0,0,0,0,0,0,0,1,2,3,17,23
1985-01-31,0,0,0,0,0,0,0,1,2,3,17,23
1985-02-28,0,0,0,0,0,0,0,1,3,2,17,23
1985-03-29,0,0,0,0,0,0,0,1,3,2,17,23
1985-04-30,0,0,0,0,0,0,0,1,3,2,17,23
1985-05-31,0,0,0,0,0,0,0,1,3,3,16,23
1985-06-28,0,0,0,0,0,0,0,1,3,3,16,23
1985-07-31,0,0,0,0,0,0,0,1,3,3,16,23
1985-08-30,0,0,0,0,0,0,0,1,4,2,16,23
1985-09-30,0,0,0,0,0,0,0,1,4,2,16,23
1985-10-31,0,0,0,0,0,0,0,1,4,2,16,23
1985-11-29,0,0,0,0,0,0,0,1,4,2,16,23
1985-12-31,0,0,0,0,0,0,0,1,4,2,16,23
1986-01-31,0,0,0,0,0,0,0,1,4,2,16,23
1986-02-28,0,0,0,0,0,0,0,1,4,2,16,23
1986-03-31,0,0,0,0,0,0,0,1,4,2,16,23
1986-04-30,0,0,0,0,0,0,0,1,4,2,16,23
1986-05-30,0,0,0,0,0,0,0,1,4,2,16,23
1986-06-30,0,0,0,0,0,0,0,1,4,2,16,23
1986-07-31,0,0,0,0,0,0,0,1,4,2,16,23
1986-08-29,0,0,0,0,0,0,1,0,5,1,16,23
1986-09-30,0,0,0,0,0,0,1,0,5,1,16,23
1986-10-31,0,0,0,0,0,0,1,0,5,1,16,23
1986-11-28,0,0,0,0,0,0,1,0,5,1,16,23
1986-12-31,0,0,0,0,0,0,1,0,5,1,16,23
1987-01-30,0,0,0,0,0,0,1,0,5,1,16,23
1987-02-27,0,0,0,0,0,0,1,0,5,2,15,23
1987-03-31,0,0,0,0,0,0,1,0,5,2,15,23
1987-04-30,0,0,0,0,0,0,1,0,5,2,15,23
1987-05-29,0,0,0,0,0,0,1,0,5,2,15,23
1987-06-30,0,0,0,0,0,0,1,0,5,2,15,23
1987-07-31,0,0,0,0,0,0,1,0,5,2,15,23
1987-08-31,0,0,0,0,0,0,1,0,5,2,15,23
1987-09-30,0,0,0,0,0,0,1,0,5,2,15,23
1987-10-30,0,0,0,0,0,0,1,0,5,2,15,23
1987-11-30,0,0,0,0,0,0,1,0,5,3,14,23
1987-12-31,0,0,0,0,0,0,1,0,5,3,14,23
1988-01-29,0,0,0,0,0,0,1,0,5,3,14,23
1988-02-29,0,0,0,0,0,0,1,0,5,3,14,23
1988-03-31,0,0,0,0,0,0,1,0,5,3,14,23
1988-04-29,0,0,0,0,0,0,1,0,5,3,14,23
1988-05-31,0,0,0,0,0,0,1,1,4,3,14,23
1988-06-30,0,0,0,0,0,0,1,1,4,3,14,23
1988-07-29,0,0,0,0,0,0,1,1,4,3,14,23
1988-08-31,0,0,0,0,0,1,0,1,4,4,13,23
1988-09-30,0,0,0,0,0,1,0,1,4,4,13,23
1988-10-31,0,0,0,0,0,1,0,1,4,4,13,23
1988-11-30,0,0,0,0,0,1,0,1,4,5,12,23
1988-12-30,0,0,0,0,0,1,0,1,4,5,12,23
1989-01-31,0,0,0,0,0,1,0,1,4,5,12,23
1989-02-28,0,0,0,0,0,1,0,1,4,5,12,23
1989-03-31,0,0,0,0,0,1,0,1,4,5,12,23
1989-04-28,0,0,0,0,0,1,0,1,4,5,12,23
1989-05-31,0,0,0,0,0,1,0,2,3,6,11,23
1989-06-30,0,0,0,0,0,1,0,2,3,6,11,23
1989-07-31,0,0,0,0,0,1,0,2,3,6,11,23
1989-08-31,0,0,0,0,0,1,0,2,3,6,11,23
1989-09-29,0,0,0,0,0,1,0,2,3,6,11,23
1989-10-31,0,0,0,0,0,1,0,2,3,6,11,23
1989-11-30,0,0,0,0,0,1,0,2,3,7,10,23
1989-12-29,0,0,0,0,0,1,0,2,3,7,10,23
1990-01-31,0,0,0,0,0,1,0,2,3,7,10,23
1990-02-28,0,0,0,0,0,1,0,3,2,8,9,23
1990-03-30,0,0,0,0,0,1,0,3,2,8,9,23
1990-04-30,0,0,0,0,0,1,0,3,2,8,9,23
1990-05-31,0,0,0,0,0,1,0,3,3,8,8,23
1990-06-29,0,0,0,0,0,1,0,3,3,8,8,23
1990-07-31,0,0,0,0,0,1,0,3,3,8,8,23
1990-08-31,0,0,0,0,1,0,0,4,2,8,8,23
1990-09-28,0,0,0,0,1,0,0,4,2,8,8,23
1990-10-31,0,0,0,0,1,0,0,4,2,8,8,23
1990-11-30,0,0,0,0,1,0,0,4,2,9,7,23
1990-12-31,0,0,0,0,1,0,0,4,2,9,7,23
1991-01-31,0,0,0,0,1,0,0,4,2,9,7,23
1991-02-28,0,0,0,0,1,0,0,4,2,9,7,23
1991-03-28,0,0,0,0,1,0,0,4,2,9,7,23
1991-04-30,0,0,0,0,1,0,0,4,2,9,7,23
1991-05-31,0,0,0,0,1,0,1,3,2,10,6,23
1991-06-28,0,0,0,0,1,0,1,3,2,10,6,23
1991-07-31,0,0,0,0,1,0,1,3,2,10,6,23
1991-08-30,0,0,0,0,1,0,1,4,1,10,6,23
1991-09-30,0,0,0,0,1,0,1,4,1,10,6,23
1991-10-31,0,0,0,0,1,0,1,4,1,10,6,23
1991-11-29,0,0,0,0,1,0,1,4,1,11,5,23
1991-12-31,0,0,0,0,1,0,1,4,1,11,5,23
1992-01-31,0,0,0,0,1,0,1,4,1,11,5,23
1992-02-28,0,0,0,0,0,0,1,4,2,10,5,22
1992-03-31,0,0,0,0,0,0,1,4,2,10,5,22
1992-04-30,0,0,0,0,0,0,1,4,2,10,5,22
1992-05-29,0,0,0,0,0,0,2,3,2,10,5,22
1992-06-30,0,0,0,0,0,0,2,3,2,10,5,22
1992-07-31,0,0,0,0,0,0,2,3,2,10,5,22
1992-08-31,0,0,0,0,0,0,2,3,2,10,5,22
1992-09-30,0,0,0,0,0,0,2,3,2,10,5,22
1992-10-30,0,0,0,0,0,0,2,3,2,10,5,22
1992-11-30,0,0,0,0,0,0,2,3,3,10,4,22
1992-12-31,0,0,0,0,0,0,2,3,3,10,4,22
1993-01-29,0,0,0,0,0,0,2,3,3,10,4,22
1993-02-26,0,0,0,0,0,0,3,2,3,10,4,22
1993-03-31,0,0,0,0,0,0,3,2,3,10,4,22
1993-04-30,0,0,0,0,0,0,3,2,3,10,4,22
1993-05-28,0,0,0,0,0,0,2,2,3,10,4,21
1993-06-30,0,0,0,0,0,0,2,2,3,10,4,21
1993-07-30,0,0,0,0,0,0,2,2,3,10,4,21
1993-08-31,0,0,0,0,0,0,3,1,4,10,3,21
1993-09-30,0,0,0,0,0,0,3,1,4,10,3,21
1993-10-29,0,0,0,0,0,0,3,1,4,10,3,21
1993-11-30,0,0,0,0,0,0,3,1,5,9,3,21
1993-12-31,0,0,0,0,0,0,3,1,5,9,3,21
1994-01-31,0,0,0,0,0,0,3,1,5,9,3,21
1994-02-28,0,0,0,0,0,0,3,1,5,9,3,21
1994-03-31,0,0,0,0,0,0,3,1,5,9,3,21
1994-04-29,0,0,0,0,0,0,3,1,5,9,3,21
1994-05-31,0,0,0,0,0,0,2,1,6,9,2,20
1994-06-30,0,0,0,0,0,0,2,1,6,9,2,20
1994-07-29,0,0,0,0,0,0,2,1,6,9,2,20
1994-08-31,0,0,0,0,0,0,3,0,6,10,1,20
1994-09-30,0,0,0,0,0,0,3,0,6,10,1,20
1994-10-31,0,0,0,0,0,0,3,0,6,10,1,20
1994-11-30,0,0,0,0,0,0,3,0,7,10,0,20
1994-12-30,0,0,0,0,0,0,3,0,7,10,0,20
1995-01-31,0,0,0,0,0,0,3,0,7,10,0,20
1995-02-28,0,0,0,0,0,0,2,0,8,9,0,19
1995-03-31,0,0,0,0,0,0,2,0,8,9,0,19
1995-04-28,0,0,0,0,0,0,2,0,8,9,0,19
1995-05-31,0,0,0,0,0,0,2,1,8,8,0,19
1995-06-30,0,0,0,0,0,0,2,1,8,8,0,19
1995-07-31,0,0,0,0,0,0,2,1,8,8,0,19
1995-08-31,0,0,0,0,0,0,1,1,8,8,0,18
1995-09-29,0,0,0,0,0,0,1,1,8,8,0,18
1995-10-31,0,0,0,0,0,0,1,1,8,8,0,18
1995-11-30,0,0,0,0,0,0,1,1,9,7,0,18
1995-12-29,0,0,0,0,0,0,1,1,9,7,0,18
1996-01-31,0,0,0,0,0,0,1,1,9,7,0,18
1996-02-29,0,0,0,0,0,0,1,1,9,7,0,18
1996-03-29,0,0,0,0,0,0,1,1,9,7,0,18
1996-04-30,0,0,0,0,0,0,1,1,9,7,0,18
1996-05-31,0,0,0,0,0,0,1,1,10,6,0,18
1996-06-28,0,0,0,0,0,0,1,1,10,6,0,18
1996-07-31,0,0,0,0,0,0,1,1,10,6,0,18
1996-08-30,0,0,0,0,0,0,0,1,10,6,0,17
1996-09-30,0,0,0,0,0,0,0,1,10,6,0,17
1996-10-31,0,0,0,0,0,0,0,1,10,6,0,17
1996-11-29,0,0,0,0,0,0,0,1,11,5,0,17
1996-12-31,0,0,0,0,0,0,0,1,11,5,0,17
1997-01-31,0,0,0,0,0,0,0,1,11,5,0,17
1997-02-28,0,0,0,0,0,0,0,2,10,5,0,17
1997-03-31,0,0,0,0,0,0,0,2,10,5,0,17
1997-04-30,0,0,0,0,0,0,0,2,10,5,0,17
1997-05-30,0,0,0,0,0,0,0,2,10,5,0,17
1997-06-30,0,0,0,0,0,0,0,2,10,5,0,17
1997-07-31,0,0,0,0,0,0,0,2,10,5,0,17
1997-08-29,0,0,0,0,0,0,0,2,10,5,0,17
1997-09-30,0,0,0,0,0,0,0,2,10,5,0,17
1997-10-31,0,0,0,0,0,0,0,2,10,5,0,17
1997-11-28,0,0,0,0,0,0,0,3,10,4,0,17
1997-12-31,0,0,0,0,0,0,0,3,10,4,0,17
1998-01-30,0,0,0,0,0,0,0,3,10,4,0,17
1998-02-27,0,0,0,0,0,0,0,3,10,4,0,17
1998-03-31,0,0,0,0,0,0,0,3,10,4,0,17
1998-04-30,0,0,0,0,0,0,0,3,10,4,0,17
1998-05-29,0,0,0,0,0,0,1,2,10,4,0,17
1998-06-30,0,0,0,0,0,0,1,2,10,4,0,17
1998-07-31,0,0,0,0,0,0,1,2,10,4,0,17
1998-08-31,0,0,0,0,0,0,1,3,10,3,0,17
1998-09-30,0,0,0,0,0,0,1,3,10,3,0,17
1998-10-30,0,0,0,0,0,0,1,3,10,3,0,17
1998-11-30,0,0,0,0,0,0,1,4,9,3,0,17
1998-12-31,0,0,0,0,0,0,1,4,9,3,0,17
1999-01-29,0,0,0,0,0,0,1,4,9,3,0,17
1999-02-26,0,0,0,0,0,0,1,4,9,3,0,17
1999-03-31,0,0,0,0,0,0,1,4,9,3,0,17
1999-04-30,0,0,0,0,0,0,1,4,9,3,0,17
1999-05-28,0,0,0,0,0,0,1,5,9,2,0,17
1999-06-30,0,0,0,0,0,0,1,5,9,2,0,17
1999-07-30,0,0,0,0,0,0,1,5,9,2,0,17
1999-08-31,0,0,0,0,0,0,1,5,10,1,0,17
1999-09-30,0,0,0,0,0,0,1,5,10,1,0,17
1999-10-29,0,0,0,0,0,0,1,5,10,1,0,17
1999-11-30,0,0,0,0,0,0,1,6,10,0,0,17
1999-12-31,0,0,0,0,0,0,1,6,10,0,0,17
2000-01-31,0,0,0,0,0,0,1,6,10,0,0,17
2000-02-29,0,0,0,0,0,0,2,6,9,0,0,17
2000-03-31,0,0,0,0,0,0,2,6,9,0,0,17
2000-04-28,0,0,0,0,0,0,2,6,9,0,0,17
2000-05-31,0,0,0,0,0,0,1,7,8,0,0,16
2000-06-30,0,0,0,0,0,0,1,7,8,0,0,16
2000-07-31,0,0,0,0,0,0,1,7,8,0,0,16
2000-08-31,0,0,0,0,0,0,1,7,8,0,0,16
2000-09-29,0,0,0,0,0,0,1,7,8,0,0,16
2000-10-31,0,0,0,0,0,0,1,7,8,0,0,16
2000-11-30,0,0,0,0,0,0,2,7,7,0,0,16
2000-12-29,0,0,0,0,0,0,2,7,7,0,0,16
2001-01-31,0,0,0,0,0,0,2,7,7,0,0,16
2001-02-28,0,0,0,0,0,0,2,7,7,0,0,16
2001-03-30,0,0,0,0,0,0,2,7,7,0,0,16
2001-04-30,0,0,0,0,0,0,2,7,7,0,0,16
2001-05-31,0,0,0,0,0,0,2,8,6,0,0,16
2001-06-29,0,0,0,0,0,0,2,8,6,0,0,16
2001-07-31,0,0,0,0,0,0,2,8,6,0,0,16
2001-08-31,0,0,0,0,0,0,3,7,6,0,0,16
2001-09-28,0,0,0,0,0,0,3,7,6,0,0,16
2001-10-31,0,0,0,0,0,0,3,7,6,0,0,16
2001-11-30,0,0,0,0,0,0,4,7,5,0,0,16
2001-12-31,0,0,0,0,0,0,4,7,5,0,0,16
2002-01-31,0,0,0,0,0,0,4,7,5,0,0,16
2002-02-28,0,0,0,0,0,0,3,7,5,0,0,15
2002-03-28,0,0,0,0,0,0,3,7,5,0,0,15
2002-04-30,0,0,0,0,0,0,3,7,5,0,0,15
2002-05-31,0,0,0,0,0,0,4,6,5,0,0,15
2002-06-28,0,0,0,0,0,0,4,6,5,0,0,15
2002-07-31,0,0,0,0,0,0,4,6,5,0,0,15
2002-08-30,0,0,0,0,0,0,4,6,5,0,0,15
2002-09-30,0,0,0,0,0,0,4,6,5,0,0,15
2002-10-31,0,0,0,0,0,0,4,6,5,0,0,15
2002-11-29,0,0,0,0,0,0,4,6,4,0,0,14
2002-12-31,0,0,0,0,0,0,4,6,4,0,0,14
2003-01-31,0,0,0,0,0,0,4,6,4,0,0,14
2003-02-28,0,0,0,0,0,0,5,5,4,0,0,14
2003-03-31,0,0,0,0,0,0,5,5,4,0,0,14
2003-04-30,0,0,0,0,0,0,5,5,4,0,0,14
2003-05-30,0,0,0,0,0,0,6,4,4,0,0,14
2003-06-30,0,0,0,0,0,0,6,4,4,0,0,14
2003-07-31,0,0,0,0,0,0,6,4,4,0,0,14
2003-08-29,0,0,0,0,0,0,5,5,3,0,0,13
2003-09-30,0,0,0,0,0,0,5,5,3,0,0,13
2003-10-31,0,0,0,0,0,0,5,5,3,0,0,13
2003-11-28,0,0,0,0,0,0,5,4,3,0,0,12
2003-12-31,0,0,0,0,0,0,5,4,3,0,0,12
2004-01-30,0,0,0,0,0,0,5,4,3,0,0,12
2004-02-27,0,0,0,0,0,0,5,4,3,0,0,12
2004-03-31,0,0,0,0,0,0,5,4,3,0,0,12
2004-04-30,0,0,0,0,0,0,5,4,3,0,0,12
2004-05-28,0,0,0,0,0,0,5,4,2,0,0,11
2004-06-30,0,0,0,0,0,0,5,4,2,0,0,11
2004-07-30,0,0,0,0,0,0,5,4,2,0,0,11
2004-08-31,0,0,0,0,0,0,5,5,1,0,0,11
2004-09-30,0,0,0,0,0,0,5,5,1,0,0,11
2004-10-29,0,0,0,0,0,0,5,5,1,0,0,11
2004-11-30,0,0,0,0,0,0,5,5,0,0,0,10
2004-12-31,0,0,0,0,0,0,5,5,0,0,0,10
2005-01-31,0,0,0,0,0,0,5,5,0,0,0,10
2005-02-28,0,0,0,0,0,0,4,5,0,0,0,9
2005-03-31,0,0,0,0,0,0,4,5,0,0,0,9
2005-04-29,0,0,0,0,0,0,4,5,0,0,0,9
2005-05-31,0,0,0,0,0,0,3,5,0,0,0,8
2005-06-30,0,0,0,0,0,0,3,5,0,0,0,8
2005-07-29,0,0,0,0,0,0,3,5,0,0,0,8
2005-08-31,0,0,0,0,0,0,3,5,0,0,0,8
2005-09-30,0,0,0,0,0,0,3,5,0,0,0,8
2005-10-31,0,0,0,0,0,0,3,5,0,0,0,8
2005-11-30,0,0,0,0,0,0,3,4,0,0,0,7
2005-12-30,0,0,0,0,0,0,3,4,0,0,0,7
2006-01-31,0,0,0,0,0,0,3,4,0,0,0,7
2006-02-28,0,0,0,0,0,0,3,4,0,0,0,7
2006-03-31,0,0,0,0,0,0,3,4,0,0,0,7
2006-04-28,0,0,0,0,0,0,3,4,0,0,0,7
2006-05-31,0,0,0,0,0,0,2,4,0,0,0,6
2006-06-30,0,0,0,0,0,0,2,4,0,0,0,6
2006-07-31,0,0,0,0,0,0,2,4,0,0,0,6
2006-08-31,0,0,0,0,0,0,3,3,0,0,0,6
2006-09-29,0,0,0,0,0,0,3,3,0,0,0,6
2006-10-31,0,0,0,0,0,0,3,3,0,0,0,6
2006-11-30,0,0,0,0,0,0,2,3,0,0,0,5
2006-12-29,0,0,0,0,0,0,2,3,0,0,0,5
2007-01-31,0,0,0,0,0,0,2,3,0,0,0,5
2007-02-28,0,0,0,0,0,0,2,3,0,0,0,5
2007-03-30,0,0,0,0,0,0,2,3,0,0,0,5
2007-04-30,0,0,0,0,0,0,2,3,0,0,0,5
2007-05-31,0,0,0,0,0,0,3,2,0,0,0,5
2007-06-29,0,0,0,0,0,0,3,2,0,0,0,5
2007-07-31,0,0,0,0,0,0,3,2,0,0,0,5
2007-08-31,0,0,0,0,0,0,4,1,0,0,0,5
2007-09-28,0,0,0,0,0,0,4,1,0,0,0,5
2007-10-31,0,0,0,0,0,0,4,1,0,0,0,5
2007-11-30,0,0,0,0,0,0,4,0,0,0,0,4
2007-12-31,0,0,0,0,0,0,4,0,0,0,0,4
2008-01-31,0,0,0,0,0,0,4,0,0,0,0,4
2008-02-29,0,0,0,0,0,0,4,0,0,0,0,4
2008-03-31,0,0,0,0,0,0,4,0,0,0,0,4
2008-04-30,0,0,0,0,0,0,4,0,0,0,0,4
2008-05-30,0,0,0,0,0,0,4,0,0,0,0,4
2008-06-30,0,0,0,0,0,0,4,0,0,0,0,4
2008-07-31,0,0,0,0,0,0,4,0,0,0,0,4
2008-08-29,0,0,0,0,0,0,3,0,0,0,0,3
2008-09-30,0,0,0,0,0,0,3,0,0,0,0,3
2008-10-31,0,0,0,0,0,0,3,0,0,0,0,3
2008-11-28,0,0,0,0,0,0,3,0,0,0,0,3
2008-12-31,0,0,0,0,0,0,3,0,0,0,0,3
2009-01-30,0,0,0,0,0,0,3,0,0,0,0,3
2009-02-27,0,0,0,0,0,0,3,0,0,0,0,3
2009-03-31,0,0,0,0,0,0,3,0,0,0,0,3
2009-04-30,0,0,0,0,0,0,3,0,0,0,0,3
2009-05-29,0,0,0,0,0,0,2,0,0,0,0,2
2009-06-30,0,0,0,0,0,0,2,0,0,0,0,2
2009-07-31,0,0,0,0,0,0,2,0,0,0,0,2
2009-08-31,0,0,0,0,0,0,1,0,0,0,0,1
2009-09-30,0,0,0,0,0,0,1,0,0,0,0,1
2009-10-30,0,0,0,0,0,0,1,0,0,0,0,1
