quote_date,0-35 days,36-50 days,50days-6months,6mons-1year,1YR-3yr,3YR-5YR,5YR-7YR,7YR-10YR,10YR-15YR,15YR-20YR,20YR and beyond,Row_Total,%_Callable,%_Call15+
1925-12-31,0,0,0,0,0,0,0,0,0,0,4,4,0.25,0.25
1926-01-30,0,0,0,0,0,0,0,0,0,1,3,4,0.25,0.25
1926-02-27,0,0,0,0,0,0,0,0,0,1,3,4,0.25,0.25
1926-03-31,0,0,0,0,0,0,0,0,0,1,3,4,0.25,0.25
1926-04-30,0,0,0,0,0,0,0,0,0,1,3,4,0.25,0.25
1926-05-28,0,0,0,0,0,0,0,0,0,1,3,4,0.25,0.25
1926-06-30,0,0,0,0,0,0,0,0,0,1,3,4,0.25,0.25
1926-07-31,0,0,0,0,0,0,0,0,0,1,3,4,0.25,0.25
1926-08-31,0,0,0,0,0,0,0,0,0,1,3,4,0.25,0.25
1926-09-30,0,0,0,0,0,0,0,0,0,1,3,4,0.25,0.25
1926-10-30,0,0,0,0,0,0,0,0,0,1,3,4,0.25,0.25
1926-11-30,0,0,0,0,0,0,0,0,0,1,3,4,0.25,0.25
1926-12-31,0,0,0,0,0,0,0,0,0,1,3,4,0.25,0.25
1927-01-31,0,0,0,0,0,0,0,0,0,2,2,4,0.25,0.25
1927-02-28,0,0,0,0,0,0,0,0,0,2,2,4,0.25,0.25
1927-03-31,0,0,0,0,0,0,0,0,0,2,2,4,0.25,0.25
1927-04-30,0,0,0,0,0,0,0,0,0,2,2,4,0.25,0.25
1927-05-31,0,0,0,0,0,0,0,0,0,2,2,4,0.25,0.25
1927-06-30,0,0,0,0,0,0,0,0,0,3,1,4,0.25,0.25
1927-07-30,0,0,0,0,0,0,0,0,0,3,1,4,0.25,0.25
1927-08-31,0,0,0,0,0,0,0,0,0,3,1,4,0.25,0.25
1927-09-30,0,0,0,0,0,0,0,0,0,3,1,4,0.25,0.25
1927-10-31,0,0,0,0,0,0,0,0,0,3,1,4,0.25,0.25
1927-11-30,0,0,0,0,0,0,0,0,0,3,1,4,0.25,0.25
1927-12-31,0,0,0,0,0,0,0,0,0,3,1,4,0.25,0.25
1928-01-31,0,0,0,0,0,0,0,0,0,3,1,4,0.25,0.25
1928-02-29,0,0,0,0,0,0,0,0,0,3,1,4,0.25,0.25
1928-03-31,0,0,0,0,0,0,0,0,0,3,1,4,0.25,0.25
1928-04-30,0,0,0,0,0,0,0,0,0,3,1,4,0.25,0.25
1928-05-31,0,0,0,0,0,0,0,0,0,3,1,4,0.25,0.25
1928-06-30,0,0,0,0,0,0,0,0,0,3,1,4,0.25,0.25
1928-07-31,0,0,0,0,0,0,0,0,0,3,1,4,0.25,0.25
1928-08-31,0,0,0,0,0,0,0,0,0,3,1,4,0.25,0.25
1928-09-29,0,0,0,0,0,0,0,0,0,3,1,4,0.25,0.25
1928-10-31,0,0,0,0,0,0,0,0,0,3,1,4,0.25,0.25
1928-11-30,0,0,0,0,0,0,0,0,0,3,1,4,0.25,0.25
1928-12-31,0,0,0,0,0,0,0,0,0,3,1,4,0.25,0.25
1929-01-31,0,0,0,0,0,0,0,0,0,3,1,4,0.25,0.25
1929-02-28,0,0,0,0,0,0,0,0,0,3,1,4,0.25,0.25
1929-03-28,0,0,0,0,0,0,0,0,0,3,1,4,0.25,0.25
1929-04-30,0,0,0,0,0,0,0,0,0,3,1,4,0.25,0.25
1929-05-31,0,0,0,0,0,0,0,0,0,3,1,4,0.25,0.25
1929-06-29,0,0,0,0,0,0,0,0,0,3,1,4,0.25,0.25
1929-07-31,0,0,0,0,0,0,0,0,0,3,1,4,0.25,0.25
1929-08-30,0,0,0,0,0,0,0,0,0,3,1,4,0.25,0.25
1929-09-30,0,0,0,1,0,0,0,0,0,3,1,5,0.2,0.25
1929-10-31,0,0,0,1,0,0,0,0,0,3,1,5,0.2,0.25
1929-11-27,0,0,0,1,0,0,0,0,0,3,1,5,0.2,0.25
1929-12-31,0,0,1,1,0,0,0,0,0,3,1,6,0.16666666666666666,0.25
1930-01-31,0,0,1,1,0,0,0,0,0,3,1,6,0.16666666666666666,0.25
1930-02-28,0,0,1,1,0,0,0,0,0,3,1,6,0.16666666666666666,0.25
1930-03-31,0,0,2,1,0,0,0,0,0,3,1,7,0.14285714285714285,0.25
1930-04-30,0,1,1,1,0,0,0,0,0,3,1,7,0.14285714285714285,0.25
1930-05-29,1,0,1,1,0,0,0,0,0,3,1,7,0.14285714285714285,0.25
1930-06-30,0,0,2,1,0,0,0,0,0,3,1,7,0.14285714285714285,0.25
1930-07-31,0,1,1,1,0,0,0,0,0,3,1,7,0.14285714285714285,0.25
1930-08-29,0,0,1,1,0,0,0,0,0,3,1,6,0.16666666666666666,0.25
1930-09-30,0,0,1,2,0,0,0,0,0,3,1,7,0.14285714285714285,0.25
1930-10-31,0,1,0,2,0,0,0,0,0,3,1,7,0.14285714285714285,0.25
1930-11-29,0,0,0,2,0,0,0,0,0,3,1,6,0.16666666666666666,0.25
1930-12-31,0,1,2,2,0,0,0,0,0,3,1,9,0.1111111111111111,0.25
1931-01-31,0,0,2,2,0,0,0,0,1,2,1,8,0.125,0.3333333333333333
1931-02-28,0,0,3,2,0,0,0,0,1,2,1,9,0.1111111111111111,0.3333333333333333
1931-03-31,2,1,4,2,0,0,0,0,1,2,1,13,0.07692307692307693,0.3333333333333333
1931-04-30,1,2,5,3,0,0,0,0,1,2,1,15,0.06666666666666667,0.3333333333333333
1931-05-29,2,1,6,3,0,0,0,0,1,2,1,16,0.0625,0.3333333333333333
1931-06-30,3,2,5,1,0,0,0,0,1,2,1,15,0.06666666666666667,0.3333333333333333
1931-07-31,3,2,5,1,0,0,0,0,1,2,1,15,0.06666666666666667,0.3333333333333333
1931-08-31,1,1,8,1,0,0,0,0,1,2,1,15,0.06666666666666667,0.3333333333333333
1931-09-30,3,2,4,1,0,0,0,0,1,2,1,14,0.07142857142857142,0.3333333333333333
1931-10-31,0,2,1,1,0,0,0,0,1,2,1,8,0.125,0.3333333333333333
1931-11-30,3,1,6,1,0,0,0,0,1,2,1,15,0.06666666666666667,0.3333333333333333
1931-12-31,2,0,3,3,0,0,0,0,1,2,1,12,0.08333333333333333,0.3333333333333333
1932-01-30,4,1,3,3,0,0,0,0,2,1,1,15,0.06666666666666667,0.5
1932-02-29,2,1,6,4,0,0,0,0,2,1,1,17,0.058823529411764705,0.5
1932-03-31,2,2,7,4,0,0,0,0,2,1,1,19,0.05263157894736842,0.5
1932-04-30,4,1,8,3,0,0,0,0,2,1,1,20,0.05,0.5
1932-05-31,1,2,9,4,1,0,0,0,2,1,1,21,0.047619047619047616,0.5
1932-06-30,4,2,7,4,2,0,0,0,3,0,1,23,0.043478260869565216,0.0
1932-07-30,4,2,6,4,2,0,0,0,3,0,1,22,0.045454545454545456,0.0
1932-08-31,1,3,7,3,3,1,0,0,3,0,1,22,0.045454545454545456,0.0
1932-09-30,4,2,6,3,3,2,0,0,3,0,1,24,0.041666666666666664,0.0
1932-10-31,4,1,6,3,3,3,0,0,3,0,1,24,0.041666666666666664,0.0
1932-11-30,2,2,8,2,3,3,0,0,3,0,1,24,0.041666666666666664,0.0
1932-12-31,4,2,6,2,3,4,0,0,3,0,1,25,0.04,0.0
1933-01-31,4,1,6,2,3,4,0,0,3,0,1,24,0.041666666666666664,0.0
1933-02-28,2,2,6,2,3,5,0,0,3,0,1,24,0.041666666666666664,0.0
1933-03-31,4,2,7,2,3,5,0,0,3,0,1,27,0.037037037037037035,0.0
1933-04-29,4,2,8,2,3,5,0,0,3,0,1,28,0.03571428571428571,0.0
1933-05-31,5,2,8,3,3,5,0,0,3,0,1,30,0.03333333333333333,0.0
1933-06-30,5,3,8,2,3,6,0,0,3,0,1,31,0.03225806451612903,0.0
1933-07-31,5,2,8,2,3,6,0,0,3,0,1,30,0.03333333333333333,0.0
1933-08-31,4,2,8,3,4,5,0,0,3,0,1,30,0.03333333333333333,0.0
1933-09-30,5,2,8,3,4,5,0,0,3,0,1,31,0.03225806451612903,0.0
1933-10-31,4,4,7,3,4,5,0,0,3,0,1,31,0.03225806451612903,0.0
1933-11-29,6,2,8,2,4,5,0,0,3,0,1,31,0.03225806451612903,0.0
1933-12-30,5,2,8,2,5,4,0,0,3,0,1,30,0.03333333333333333,0.0
1934-01-31,5,2,7,2,6,4,0,0,3,0,1,30,0.03333333333333333,0.0
1934-02-28,5,2,10,2,8,4,0,0,3,0,1,35,0.02857142857142857,0.0
1934-03-31,6,2,11,2,7,5,0,0,3,0,1,37,0.02702702702702703,0.0
1934-04-30,3,0,16,2,8,4,0,0,3,0,1,37,0.02702702702702703,0.0
1934-05-31,4,2,18,2,8,4,0,0,3,0,1,42,0.023809523809523808,0.0
1934-06-30,5,2,16,2,7,5,0,0,3,0,1,41,0.024390243902439025,0.0
1934-07-31,4,2,16,2,7,5,0,0,3,0,1,40,0.025,0.0
1934-08-31,4,2,17,3,6,5,0,0,3,0,1,41,0.024390243902439025,0.0
1934-09-29,5,2,17,2,8,5,0,0,3,0,1,43,0.023255813953488372,0.0
1934-10-31,3,2,19,2,8,5,0,0,3,0,1,43,0.023255813953488372,0.0
1934-11-30,4,2,19,2,8,5,0,0,3,0,1,44,0.022727272727272728,0.0
1934-12-31,4,2,19,2,7,5,0,0,3,0,1,43,0.023255813953488372,0.0
1935-01-31,0,1,1,1,8,5,0,0,3,0,1,20,0.05,0.0
1935-02-28,1,0,2,1,9,4,0,0,3,0,1,21,0.047619047619047616,0.0
1935-03-30,0,0,2,1,10,4,0,0,3,0,1,21,0.047619047619047616,0.0
1935-04-30,0,1,1,2,9,4,0,0,3,0,1,21,0.047619047619047616,0.0
1935-05-31,1,0,1,2,9,4,0,0,3,0,1,21,0.047619047619047616,0.0
1935-06-29,1,0,1,2,9,4,0,0,2,0,1,20,,
1935-07-31,0,0,1,2,9,5,0,0,2,0,1,20,,
1935-08-31,0,0,1,3,8,5,0,0,2,0,1,20,,
1935-09-30,0,0,1,4,8,5,0,0,2,0,1,21,,
1935-10-30,0,1,1,3,8,5,0,0,2,0,1,21,,
1935-11-30,1,0,1,3,8,5,0,0,2,0,1,21,,
1935-12-31,0,0,2,3,7,6,0,0,2,0,1,21,,
1936-01-31,0,0,2,3,7,6,0,1,1,0,1,21,,
1936-02-29,0,1,2,3,6,6,0,1,1,0,1,21,,
1936-03-31,0,0,3,2,7,6,0,1,1,0,1,21,,
1936-04-30,0,1,2,3,6,6,0,1,1,0,1,21,,
1936-05-29,1,0,2,3,6,6,0,1,1,0,1,21,,
1936-06-30,0,0,2,2,7,6,0,1,1,0,1,20,,
1936-07-31,0,1,1,2,7,6,0,1,1,0,1,20,,
1936-08-31,1,0,2,1,7,6,0,1,1,0,1,20,,
1936-09-30,0,0,2,2,6,6,0,1,1,0,1,19,,
1936-10-31,0,1,2,1,6,6,0,1,1,0,1,19,,
1936-11-30,1,0,2,1,6,6,0,1,1,0,1,19,,
1936-12-31,0,0,1,1,7,6,0,1,1,0,1,18,,
1937-01-30,0,0,1,1,7,6,0,2,0,0,1,18,,
1937-02-27,0,1,0,2,6,6,0,2,0,0,1,18,,
1937-03-31,0,0,1,2,6,5,0,2,0,0,1,17,,
1937-04-30,0,0,1,2,6,5,0,2,0,0,1,17,,
1937-05-28,0,0,1,2,6,5,0,2,0,0,1,17,,
1937-06-30,0,0,1,3,7,5,0,2,0,0,1,19,,
1937-07-31,0,1,0,3,7,5,0,2,0,0,1,19,,
1937-08-31,1,0,1,2,7,5,0,2,0,0,1,19,,
1937-09-30,0,0,2,2,7,6,0,2,0,0,1,20,,
1937-10-30,0,0,2,2,7,6,0,2,0,0,1,20,,
1937-11-30,0,0,2,2,7,6,0,2,0,0,1,20,,
1937-12-31,5,2,24,5,7,6,0,2,0,0,1,52,,
1938-01-31,4,6,19,2,7,6,0,2,0,0,1,47,,
1938-02-28,8,2,15,2,7,6,0,2,0,0,1,43,,
1938-03-31,5,2,13,2,7,5,0,2,0,0,1,37,,
1938-04-30,5,7,4,2,7,5,0,2,0,0,1,33,,
1938-05-31,8,3,2,2,7,5,0,2,0,0,1,30,,
1938-06-30,5,2,3,2,7,5,0,2,0,0,1,27,,
1938-07-30,5,2,3,2,7,5,0,2,0,0,1,27,,
1938-08-31,5,2,1,2,7,5,0,2,0,0,1,25,,
1938-09-30,5,2,3,2,6,5,0,2,0,0,1,26,,
1938-10-31,4,0,1,2,6,5,0,2,0,0,1,21,,
1938-11-30,5,2,3,2,6,5,0,2,0,0,1,26,,
1938-12-31,5,2,3,2,6,5,0,2,0,0,1,26,,
1939-01-31,4,3,2,2,6,5,1,1,0,0,1,25,,
1939-02-28,4,3,3,2,6,5,1,1,0,0,1,26,,
1939-03-31,5,2,3,2,6,4,1,1,0,0,1,25,,
1939-04-29,5,2,3,2,6,4,1,1,0,0,1,25,,
1939-05-31,5,2,2,2,6,4,1,1,0,0,1,24,,
1939-06-30,5,2,3,2,5,5,1,1,0,0,1,25,,
1939-07-31,4,2,3,2,5,5,1,1,0,0,1,24,,
1939-08-31,4,2,3,2,5,5,1,1,0,0,1,24,,
1939-09-30,5,2,4,1,6,4,1,1,0,0,1,25,,
1939-10-31,4,3,2,1,6,4,1,1,0,0,0,22,,
1939-11-30,5,2,3,1,6,5,1,1,0,0,0,24,,
1939-12-30,5,2,3,1,6,5,1,1,0,0,0,24,,
1940-01-31,5,2,3,1,6,5,2,0,0,0,0,24,,
1940-02-29,5,2,3,1,6,5,2,0,0,0,0,24,,
1940-03-30,5,2,2,2,5,6,2,0,0,0,0,24,,
1940-04-30,4,3,1,2,5,6,2,0,0,0,0,23,,
1940-05-31,5,2,2,2,5,6,2,0,0,0,0,24,,
1940-06-29,5,2,3,2,5,6,2,0,0,0,0,25,,
1940-07-31,5,2,1,2,5,6,2,0,0,0,0,23,,
1940-08-31,5,2,3,2,5,6,2,0,0,0,0,25,,
1940-09-30,4,2,4,1,6,5,2,0,0,0,0,24,,
1940-10-31,5,2,2,1,6,5,2,0,0,0,1,24,,
1940-11-30,5,2,3,1,6,5,2,0,0,0,0,24,,
1940-12-31,3,3,3,1,6,4,2,0,0,0,0,22,,
1941-01-31,5,3,2,1,6,5,1,0,0,0,0,23,,
1941-02-28,5,2,3,1,6,5,1,0,0,0,0,23,,
1941-03-31,3,0,0,2,6,4,1,0,0,0,0,16,,
1941-04-30,0,0,0,2,6,4,1,0,0,0,1,14,,
1941-05-31,0,0,0,2,6,4,1,0,0,0,1,14,,
1941-06-30,0,0,1,1,7,3,1,0,0,1,0,14,,
1941-07-31,0,0,1,1,7,3,1,0,0,1,0,14,,
1941-08-30,0,0,1,1,7,3,1,0,0,1,0,14,,
1941-09-30,0,0,2,1,7,2,1,0,0,1,0,14,,
1941-10-31,0,0,1,1,7,2,1,0,0,1,0,13,,
1941-11-29,0,0,1,1,7,2,1,0,0,1,0,13,,
1941-12-31,0,0,1,2,6,2,1,0,0,1,0,13,,
1942-01-31,0,0,0,2,6,3,0,0,0,1,0,12,,
1942-02-28,0,0,0,2,6,3,0,0,0,1,0,12,,
1942-03-31,0,0,1,1,7,2,0,0,0,1,0,12,,
1942-04-30,0,0,1,1,7,2,0,0,0,1,0,12,,
1942-05-29,0,0,1,1,7,2,0,0,0,1,0,12,,
1942-06-30,0,0,2,1,6,2,0,0,0,1,0,12,,
1942-07-31,0,1,1,1,6,2,0,0,0,1,0,12,,
1942-08-31,1,0,1,1,6,2,0,0,0,1,0,12,,
1942-09-30,0,0,1,2,5,2,0,0,0,1,0,11,,
1942-10-31,0,1,0,2,5,2,0,0,0,1,0,11,,
1942-11-30,1,0,0,2,5,2,0,0,0,1,0,11,,
1942-12-31,0,0,1,2,4,2,0,0,0,1,0,10,,
1943-01-30,0,0,1,2,5,1,0,0,0,1,0,10,,
1943-02-27,0,0,1,2,5,1,0,0,0,1,0,10,,
1943-03-31,0,0,2,2,4,1,0,0,0,1,0,10,,
1943-04-30,0,1,1,2,4,1,0,0,0,1,0,10,,
1943-05-29,1,0,1,2,4,1,0,0,0,1,0,10,,
1943-06-30,0,0,2,2,3,1,0,0,0,1,0,9,,
1943-07-31,0,1,1,2,3,1,0,0,0,1,0,9,,
1943-08-31,1,0,1,2,3,1,0,0,0,1,0,9,,
1943-09-30,0,0,2,2,2,1,0,0,0,1,0,8,,
1943-10-30,0,1,1,2,2,1,0,0,0,1,0,8,,
1943-11-30,1,0,1,2,2,1,0,0,0,1,0,8,,
1943-12-31,0,0,2,1,2,1,0,0,0,1,0,7,,
1944-01-31,0,1,1,1,3,0,0,0,0,1,0,7,,
1944-02-29,1,0,1,1,3,0,0,0,0,1,0,7,,
1944-03-31,0,0,1,1,2,0,0,0,0,1,0,5,,
1944-04-29,0,0,1,1,2,0,0,0,0,1,0,5,,
1944-05-31,0,0,1,1,2,0,0,0,0,1,0,5,,
1944-06-30,0,0,1,1,2,0,0,0,0,1,0,5,,
1944-07-31,0,1,0,1,2,0,0,0,0,1,0,5,,
1944-08-31,0,0,0,1,2,0,0,0,0,1,0,4,,
1944-09-30,0,0,1,0,2,0,0,0,0,1,0,4,,
1944-10-31,0,0,1,0,2,0,0,0,0,1,0,4,,
1944-11-30,0,0,1,0,2,0,0,0,0,1,0,4,,
1944-12-30,0,0,1,0,2,0,0,0,0,1,0,4,,
1945-01-31,0,1,0,1,1,0,0,0,0,1,0,4,,
1945-02-28,0,0,0,1,1,0,0,0,0,1,0,3,,
1945-03-31,0,0,0,1,1,0,0,0,0,1,0,3,,
1945-04-30,0,0,0,1,1,0,0,0,0,1,0,3,,
1945-05-31,0,0,0,1,1,0,0,0,0,1,0,3,,
1945-06-30,0,0,0,1,1,0,0,0,0,1,0,3,,
1945-07-31,0,0,1,0,1,0,0,0,0,1,0,3,,
1945-08-31,0,0,1,0,1,0,0,0,0,1,0,3,,
1945-09-29,0,0,1,0,1,0,0,0,0,1,0,3,,
1945-10-31,0,0,1,0,1,0,0,0,0,1,0,3,,
1945-11-30,0,0,0,0,0,0,0,0,0,1,0,1,,
1945-12-31,0,0,0,0,0,0,0,0,0,1,0,1,,
1946-01-31,0,0,0,0,0,0,0,0,0,1,0,1,,
1946-02-28,0,0,0,0,0,0,0,0,0,1,0,1,,
1946-03-30,0,0,0,0,0,0,0,0,0,1,0,1,,
1946-04-30,0,0,0,0,0,0,0,0,0,1,0,1,,
1946-05-31,0,0,0,0,0,0,0,0,0,1,0,1,,
1946-06-28,0,0,0,0,0,0,0,0,1,0,0,1,,
1946-07-31,0,0,0,0,0,0,0,0,1,0,0,1,,
1946-08-30,0,0,0,0,0,0,0,0,1,0,0,1,,
1946-09-30,0,0,0,0,0,0,0,0,1,0,0,1,,
1946-10-31,0,0,0,0,0,0,0,0,1,0,0,1,,
1946-11-30,0,0,0,0,0,0,0,0,1,0,0,1,,
1946-12-31,0,0,0,0,0,0,0,0,1,0,0,1,,
1947-01-31,0,0,0,0,0,0,0,0,1,0,0,1,,
1947-02-28,0,0,0,0,0,0,0,0,1,0,0,1,,
1947-03-31,0,0,0,0,0,0,0,0,1,0,0,1,,
1947-04-30,0,0,0,0,0,0,0,0,1,0,0,1,,
1947-05-29,0,0,0,0,0,0,0,0,1,0,0,1,,
1947-06-30,0,0,0,0,0,0,0,0,1,0,0,1,,
1947-07-31,0,0,0,0,0,0,0,0,1,0,0,1,,
1947-08-29,0,0,0,0,0,0,0,0,1,0,0,1,,
1947-09-30,0,0,0,0,0,0,0,0,1,0,0,1,,
1947-10-31,0,0,0,0,0,0,0,0,1,0,0,1,,
1947-11-28,0,0,0,0,0,0,0,0,1,0,0,1,,
1947-12-31,0,0,0,0,0,0,0,0,1,0,0,1,,
1948-01-30,0,0,0,0,0,0,0,0,1,0,0,1,,
1948-02-27,0,0,0,0,0,0,0,0,1,0,0,1,,
1948-03-31,0,0,0,0,0,0,0,0,1,0,0,1,,
1948-04-30,0,0,0,0,0,0,0,0,1,0,0,1,,
1948-05-28,0,0,0,0,0,0,0,0,1,0,0,1,,
1948-06-30,0,0,0,0,0,0,0,0,1,0,0,1,,
1948-07-30,0,0,0,0,0,0,0,0,1,0,0,1,,
1948-08-31,0,0,0,0,0,0,0,0,1,0,0,1,,
1948-09-30,0,0,0,0,0,0,0,0,1,0,0,1,,
1948-10-29,0,0,0,0,0,0,0,0,1,0,0,1,,
1948-11-30,0,0,0,0,0,0,0,0,1,0,0,1,,
1948-12-31,0,0,0,0,0,0,0,0,1,0,0,1,,
1949-01-31,0,0,0,0,0,0,0,0,1,0,0,1,,
1949-02-28,0,0,0,0,0,0,0,0,1,0,0,1,,
1949-03-31,0,0,0,0,0,0,0,0,1,0,0,1,,
1949-04-29,0,0,0,0,0,0,0,0,1,0,0,1,,
1949-05-31,0,0,0,0,0,0,0,0,1,0,0,1,,
1949-06-30,0,0,0,0,0,0,0,0,1,0,0,1,,
1949-07-29,0,0,0,0,0,0,0,0,1,0,0,1,,
1949-08-31,0,0,0,0,0,0,0,0,1,0,0,1,,
1949-09-30,0,0,0,0,0,0,0,0,1,0,0,1,,
1949-10-31,0,0,0,0,0,0,0,0,1,0,0,1,,
1949-11-30,0,0,0,0,0,0,0,0,1,0,0,1,,
1949-12-30,0,0,0,0,0,0,0,0,1,0,0,1,,
1950-01-31,0,0,0,0,0,0,0,0,1,0,0,1,,
1950-02-28,0,0,0,0,0,0,0,0,1,0,0,1,,
1950-03-31,0,0,0,0,0,0,0,0,1,0,0,1,,
1950-04-28,0,0,0,0,0,0,0,0,1,0,0,1,,
1950-05-31,0,0,0,0,0,0,0,0,1,0,0,1,,
1950-06-30,0,0,0,0,0,0,0,0,1,0,0,1,,
1950-07-31,0,0,0,0,0,0,0,0,1,0,0,1,,
1950-08-31,0,0,0,0,0,0,0,0,1,0,0,1,,
1950-09-29,0,0,0,0,0,0,0,0,1,0,0,1,,
1950-10-31,0,0,0,0,0,0,0,0,1,0,0,1,,
1950-11-30,0,0,0,0,0,0,0,0,1,0,0,1,,
1950-12-29,0,0,0,0,0,0,0,0,1,0,0,1,,
1951-01-31,0,0,0,0,0,0,0,0,1,0,0,1,,
1951-02-28,0,0,0,0,0,0,0,0,1,0,0,1,,
1951-03-30,0,0,0,0,0,0,0,0,1,0,0,1,,
1951-04-30,0,0,0,0,0,0,0,0,1,0,0,1,,
1951-05-31,0,0,0,0,0,0,0,0,1,0,0,1,,
1951-06-29,0,0,0,0,0,0,0,1,0,0,0,1,,
1951-07-31,0,0,0,0,0,0,0,1,0,0,0,1,,
1951-08-31,0,0,0,0,0,0,0,1,0,0,0,1,,
1951-09-28,0,0,0,0,0,0,0,1,0,0,0,1,,
1951-10-31,0,0,0,0,0,0,0,1,0,0,0,1,,
1951-11-30,0,0,0,0,0,0,0,1,0,0,0,1,,
1951-12-31,0,0,0,0,0,0,0,1,0,0,0,1,,
1952-01-31,0,0,0,0,0,0,0,1,0,0,0,1,,
1952-02-29,0,0,0,0,0,0,0,1,0,0,0,1,,
1952-03-31,0,0,0,0,0,0,0,1,0,0,0,1,,
1952-04-30,0,0,0,0,0,0,0,1,0,0,0,1,,
1952-05-29,0,0,0,0,0,0,0,1,0,0,0,1,,
1952-06-30,0,0,0,0,0,0,0,1,0,0,0,1,,
1952-07-31,0,0,0,0,0,0,0,1,0,0,0,1,,
1952-08-29,0,0,0,0,0,0,0,1,0,0,0,1,,
1952-09-30,0,0,0,0,0,0,0,1,0,0,0,1,,
1952-10-31,0,0,0,0,0,0,0,1,0,0,0,1,,
1952-11-28,0,0,0,0,0,0,0,1,0,0,0,1,,
1952-12-31,0,0,0,0,0,0,0,1,0,0,0,1,,
1953-01-30,0,0,0,0,0,0,0,1,0,0,0,1,,
1953-02-27,0,0,0,0,0,0,0,1,0,0,0,1,,
1953-03-31,0,0,0,0,0,0,0,1,0,0,0,1,,
1953-04-30,0,0,0,0,0,0,0,1,0,0,0,1,,
1953-05-29,0,0,0,0,0,0,0,1,0,0,0,1,,
1953-06-30,0,0,0,0,0,0,0,1,0,0,0,1,,
1953-07-31,0,0,0,0,0,0,0,1,0,0,0,1,,
1953-08-31,0,0,0,0,0,0,0,1,0,0,0,1,,
1953-09-30,0,0,0,0,0,0,0,1,0,0,0,1,,
1953-10-30,0,0,0,0,0,0,0,1,0,0,0,1,,
1953-11-30,0,0,0,0,0,0,0,1,0,0,0,1,,
1953-12-31,0,0,0,0,0,0,0,1,0,0,0,1,,
1954-01-29,0,0,0,0,0,0,0,1,0,0,0,1,,
1954-02-26,0,0,0,0,0,0,0,1,0,0,0,1,,
1954-03-31,0,0,0,0,0,0,0,1,0,0,0,1,,
1954-04-30,0,0,0,0,0,0,0,1,0,0,0,1,,
1954-05-28,0,0,0,0,0,0,0,1,0,0,0,1,,
1954-06-30,0,0,0,0,0,0,1,0,0,0,0,1,,
1954-07-30,0,0,0,0,0,0,1,0,0,0,0,1,,
1954-08-31,0,0,0,0,0,0,1,0,0,0,0,1,,
1954-09-30,0,0,0,0,0,0,1,0,0,0,0,1,,
1954-10-29,0,0,0,0,0,0,1,0,0,0,0,1,,
1954-11-30,0,0,0,0,0,0,1,0,0,0,0,1,,
1954-12-31,0,0,0,0,0,0,1,0,0,0,0,1,,
1955-01-31,0,0,0,0,0,0,1,0,0,0,0,1,,
1955-02-28,0,0,0,0,0,0,1,0,0,0,0,1,,
1955-03-31,0,0,0,0,0,0,1,0,0,0,0,1,,
1955-04-29,0,0,0,0,0,0,1,0,0,0,0,1,,
1955-05-31,0,0,0,0,0,0,1,0,0,0,0,1,,
1955-06-30,0,0,0,0,0,0,1,0,0,0,0,1,,
1955-07-29,0,0,0,0,0,0,1,0,0,0,0,1,,
1955-08-31,0,0,0,0,0,0,1,0,0,0,0,1,,
1955-09-30,0,0,0,0,0,0,1,0,0,0,0,1,,
1955-10-31,0,0,0,0,0,0,1,0,0,0,0,1,,
1955-11-30,0,0,0,0,0,0,1,0,0,0,0,1,,
1955-12-30,0,0,0,0,0,0,1,0,0,0,0,1,,
1956-01-31,0,0,0,0,0,0,1,0,0,0,0,1,,
1956-02-29,0,0,0,0,0,0,1,0,0,0,0,1,,
1956-03-29,0,0,0,0,0,0,1,0,0,0,0,1,,
1956-04-30,0,0,0,0,0,0,1,0,0,0,0,1,,
1956-05-31,0,0,0,0,0,0,1,0,0,0,0,1,,
1956-06-29,0,0,0,0,0,1,0,0,0,0,0,1,,
1956-07-31,0,0,0,0,0,1,0,0,0,0,0,1,,
1956-08-31,0,0,0,0,0,1,0,0,0,0,0,1,,
1956-09-28,0,0,0,0,0,1,0,0,0,0,0,1,,
1956-10-31,0,0,0,0,0,1,0,0,0,0,0,1,,
1956-11-30,0,0,0,0,0,1,0,0,0,0,0,1,,
1956-12-31,0,0,0,0,0,1,0,0,0,0,0,1,,
1957-01-31,0,0,0,0,0,1,0,0,0,0,0,1,,
1957-02-28,0,0,0,0,0,1,0,0,0,0,0,1,,
1957-03-29,0,0,0,0,0,1,0,0,0,0,0,1,,
1957-04-30,0,0,0,0,0,1,0,0,0,0,0,1,,
1957-05-31,0,0,0,0,0,1,0,0,0,0,0,1,,
1957-06-27,0,0,0,0,0,1,0,0,0,0,0,1,,
1957-07-31,0,0,0,0,0,1,0,0,0,0,0,1,,
1957-08-30,0,0,0,0,0,1,0,0,0,0,0,1,,
1957-09-30,0,0,0,0,0,1,0,0,0,0,0,1,,
1957-10-31,0,0,0,0,0,1,0,0,0,0,0,1,,
1957-11-29,0,0,0,0,0,1,0,0,0,0,0,1,,
1957-12-31,0,0,0,0,0,1,0,0,0,0,0,1,,
1958-01-31,0,0,0,0,0,1,0,0,0,0,0,1,,
1958-02-28,0,0,0,0,0,1,0,0,0,0,0,1,,
1958-03-31,0,0,0,0,0,1,0,0,0,0,0,1,,
1958-04-30,0,0,0,0,0,1,0,0,0,0,0,1,,
1958-05-29,0,0,0,0,0,1,0,0,0,0,0,1,,
1958-06-30,0,0,0,0,1,0,0,0,0,0,0,1,,
1958-07-31,0,0,0,0,1,0,0,0,0,0,0,1,,
1958-08-29,0,0,0,0,1,0,0,0,0,0,0,1,,
1958-09-30,0,0,0,0,1,0,0,0,0,0,0,1,,
1958-10-31,0,0,0,0,1,0,0,0,0,0,0,1,,
1958-11-28,0,0,0,0,1,0,0,0,0,0,0,1,,
1958-12-31,0,0,0,0,1,0,0,0,0,0,0,1,,
1959-01-30,0,0,0,0,1,0,0,0,0,0,0,1,,
1959-02-27,0,0,0,0,1,0,0,0,0,0,0,1,,
1959-03-31,0,0,0,0,1,0,0,0,0,0,0,1,,
1959-04-30,0,0,0,0,1,0,0,0,0,0,0,1,,
1959-05-29,0,0,0,0,1,0,0,0,0,0,0,1,,
1959-06-30,0,0,0,0,1,0,0,0,0,0,0,1,,
1959-07-31,0,0,0,0,1,0,0,0,0,0,0,1,,
1959-08-31,0,0,0,0,1,0,0,0,0,0,0,1,,
1959-09-30,0,0,0,0,1,0,0,0,0,0,0,1,,
1959-10-30,0,0,0,0,1,0,0,0,0,0,0,1,,
1959-11-30,0,0,0,0,1,0,0,0,0,0,0,1,,
1959-12-31,0,0,0,0,1,0,0,0,0,0,0,1,,
1960-01-29,0,0,0,0,1,0,0,0,0,0,0,1,,
1960-02-29,0,0,0,0,1,0,0,0,0,0,0,1,,
1960-03-31,0,0,0,0,1,0,0,0,0,0,0,1,,
1960-04-29,0,0,0,0,1,0,0,0,0,0,0,1,,
1960-05-31,0,0,0,0,1,0,0,0,0,0,0,1,,
1960-06-30,0,0,0,1,0,0,0,0,0,0,0,1,,
1960-07-29,0,0,0,1,0,0,0,0,0,0,0,1,,
1960-08-31,0,0,0,1,0,0,0,0,0,0,0,1,,
1960-10-31,0,0,0,1,0,0,0,0,0,0,0,1,,
1960-11-30,0,0,0,1,0,0,0,0,0,0,0,1,,
